"id","option_id","locale","text"
"25f6cc07-9639-4046-a922-cada28702daf","b9da24fe-6023-4062-98d4-ed44ede047fb","tr","Oluşturulduktan sonra durumu değiştirilemeyen nesne"
"84ef43f0-460b-4cda-92fc-154bbede93fc","2883f6d2-8ad8-4f4d-a406-adc9aed859f7","tr","Silinemeyen nesne"
"0eb44573-e351-4324-8461-3367c30f8fce","00c993cf-dfc8-4498-b496-36a7c1125db2","tr","Statik nesne"
"62ee0011-46c9-4d6c-8a1d-012a49725363","2db4e492-b83b-4aab-9481-c5e307ef3557","tr","Final bir sınıftan oluşturulan herhangi bir nesne"
"137fcd5b-c58d-414f-81a1-5bf78001e5cf","c5e2f045-a559-4511-bb5d-fd610ff36825","tr","Sınıfı final yapmak, alanları private final yapmak, setter yazmamak, mutable alanları koruyarak döndürmek"
"9c1d73fd-b488-47d4-8802-bfc54974afb9","1836f3ca-93d1-4f5d-9794-8be26c523ab0","tr","Yalnızca sınıfı final yapmak"
"01f9f96d-ce34-411a-aa99-b3a99c68a9c9","f5317336-0a40-4b53-9637-5ca9f860593d","tr","Yalnızca getter yazmak"
"be1cef8f-183b-4360-a4b1-abded4c269d0","13ab823e-c5f3-4511-a857-b105db442bd9","tr","Hiçbir özel adım gerekmez"
"2cfe86cd-03d5-4a26-819d-8231aa833982","01ef1d92-8aa8-4bdb-b3da-419e615c9cee","tr","Durum değişmediği için senkronizasyona ihtiyaç yoktur"
"3626ea37-696b-4eb9-9fab-8851af12e4f2","36811076-56fd-4f5f-bef5-a59fb9a25b72","tr","Daha az bellek tutarlar"
"329f554f-0025-48d6-ac00-ec15e27e0298","c2397063-1095-4ee9-a638-95d67beb3fff","tr","Daha hızlı oluşturulurlar"
"9f3c3817-de0a-42a8-b354-9fae1c3c2cbf","194abec6-6594-4d8e-bd26-a4b1ecf96548","tr","Hiçbir avantajı yoktur"
"0636f265-ecee-4b29-9841-9d8665df2ef1","0b8e099e-9357-4f40-aa74-4e23875177cb","tr","Immutable bir sınıfta mutable iç nesnelere (örn. List, Date) dışarıdan değişikliği önlemek için"
"964189d6-c83c-453d-ab68-6a96ebffc1aa","dff2ff4f-ec95-43a9-b326-1fd75f3f265e","tr","Performansı artırmak için"
"d057c58c-3df0-48cd-af01-906e3d84fc32","a07dc148-56d2-4b95-823a-7a64263823ec","tr","Belleği azaltmak için"
"cc7cbe5f-59de-4179-b9f6-f6ad2ed1cf57","885d7ea2-8b68-4482-a763-d3f218df932e","tr","Hiçbir amacı yoktur"
"de445e75-c647-40d3-9b23-8853ac2790d6","1e1be420-a0e8-4979-889f-2e8ff3c606bc","tr","String"
"407d62fb-f907-4ae0-992d-1263e07eb9be","09688d28-b9f1-40a0-89d5-e50e1311c3d0","tr","StringBuilder"
"2e76704f-1104-4f05-b3a7-27b863ef45aa","4d7447c4-3be3-4241-a8cb-94f83a69d0b4","tr","ArrayList"
"7865d3ec-f5f2-49fa-a689-df5c6db45143","495c6a63-10a8-4a41-8e4e-258ae157cb56","tr","HashMap"
"824e08c5-56c9-4b28-8d9b-230d3b5f4aeb","0d402a3b-750c-4e08-9ba2-35b3542f7c23","tr","Her değişiklikte yeni bir nesne oluşturmak gerektiği için bellek/performans maliyeti"
"ed82e6c7-afa5-4ea9-9eb3-87966b72f437","2fdb5527-e2a6-4a94-bd0a-a42184825618","tr","Hiçbir dezavantajı yoktur"
"16628b61-e33e-462d-ad79-7af07854801c","545527a8-5618-42ba-af67-d275b4f04dd6","tr","Thread-safe değildirler"
"666bdeca-416a-456d-acf0-cffe7f3c5341","f1021c09-3b68-4773-aa7e-36f7264950c6","tr","Serileştirilemezler"
"5e60a7bc-ddb8-4572-9d6b-0fe6506df6ce","30637c15-0f93-4c48-b8dd-3304ba3f0183","tr","Bileşenleri varsayılan olarak final'dır ve setter oluşturmaz"
"54f590cb-a881-494d-8380-715ca7562f7c","ee5a8007-0a1d-4340-850d-5c5984893efa","tr","Mutable'dırlar"
"cc1a10fd-c0e5-402d-8e8c-fd26e55f3bc6","11ad6b6e-bbef-424c-8e82-a29ddc623c9b","tr","Hiçbir ilgisi yoktur"
"dfd90364-3c69-4210-8c01-f1e70838529a","7343d251-2553-4bbd-8803-9429004b6a04","tr","Yalnızca static olabilirler"
"c0020679-96ce-4d0f-87fb-30c3941eec0a","34a68eea-b134-418c-9747-87710bb899a2","tr","Sınıfın extend edilmesini önleyerek alt sınıfın mutable davranış eklemesini engellemek"
"84e550f9-6cd7-46d9-b95d-6e0a83e896ae","53e7adaa-fe8c-41e1-a3a2-3fd9fecbe351","tr","Performansı artırmak"
"9cf0ff52-be5f-4d86-bddb-4cfaabaabd54","6ecaae12-c870-4a40-ad93-4e3119b443c7","tr","Belleği azaltmak"
"71ef7c55-73a1-430b-80d8-55122d19b641","381d4e15-348d-4a3b-9f2c-429f169a08ae","tr","Hiçbir rolü yoktur"
"99b6a1b2-99b7-4525-88e7-61515dfca410","ff7144a4-8017-49a5-9fc7-e94d3db5b104","tr","Birden fazla parametreyi adım adım belirleyip sonunda immutable bir nesne oluşturmaya imkân verir"
"ba495dd7-5dbe-4e23-8d93-c45b0a256055","3f970efc-f9e3-4e4a-a53d-9501e9532091","tr","Nesneyi mutable yapar"
"17a46627-e9eb-49fd-9364-c40d7c205ca0","444f565f-284d-41a0-b8ad-c48f6b3abc47","tr","Hiçbir yardımı olmaz"
"ed862df4-ed7e-4871-8a77-02c5ddd5a301","f6fa21dd-a65a-49d8-8b33-bbe65bc813b0","tr","Yalnızca basit nesneler içindir"
"b7194762-c9f6-4128-a50a-6f24f5670be1","e4d31e64-2ce8-4799-9845-2a3f9d511e7e","tr","List.of(), Set.of(), Map.of()"
"bb86082e-2bd5-444c-b93f-40222e17b3a4","a87c4f89-2002-46fb-8da9-8f914c47c917","tr","new ArrayList<>()"
"0abcd9a5-64dd-40de-80ae-f92c1cc681d4","b9643909-cab3-4aeb-b65d-1dacef6508ad","tr","Collections.mutableList()"
"878e76d5-cb6d-4aca-9a47-4541e1b53943","83033eef-6053-4de8-8a86-7dfc4613005a","tr","List.create()"
"b1678a87-2a59-4225-97d4-0482442ea1ce","2fccc40c-89e6-4c8d-8145-c18efa38e179","tr","hashCode() değeri, nesnenin ömrü boyunca sabit kalır"
"c21666f3-e0cb-486b-8e90-a71e4b88b501","7141e527-7439-4459-bcbd-4c8c235fd450","tr","Daha az yer tutarlar"
"5b8cc01d-33d2-45e4-ae9e-08e896ae7131","10e74780-c6ff-4350-9cc2-a2e3be2cf321","tr","Daha hızlı okunurlar"
"4ca184ff-0d29-43d8-9241-cd10bacde5bd","f3c7ddb7-a958-44a8-b590-0a4e436efe27","tr","Hiçbir nedeni yoktur"
"8268a785-6791-41f6-a26e-30faa520e0d9","01ef468f-76e2-414a-904f-c774a31a9bee","tr","Orijinal nesneyi değiştirmeden, değiştirilmiş alanla yeni bir nesne döndürmek için"
"1c336c06-0125-4e67-8ef1-28fa5144b322","45abd5d5-23f5-40e9-9a1c-59a9d8461c51","tr","Nesneyi silmek için"
"1966a4d3-2dc2-44f8-8989-4ec7f2f227de","3430dd04-1263-4104-ab71-851aa976c135","tr","Yeni thread oluşturmak için"
"ec510ffe-7a31-487e-aaac-25cad3c8a26c","96354eb6-be87-442c-acf7-3ac2b59037ee","tr","Hiçbir amacı yoktur"
"620a6f0e-edc7-4c5b-a0e6-c376011391b7","5d1c05a6-edb2-434f-9ecc-ab4bad4d897b","tr","Fonksiyonel programlama, yan etkisiz, değişmez veriyle çalışmayı tercih eder"
"82395c73-5e78-46e6-86e6-4abf787ab729","a56d0ade-79e0-41ee-90f5-65906856debf","tr","Hiçbir ilgisi yoktur"
"13c6ee38-43cd-4e37-8685-03396c468703","0168c4ea-fe2a-4fcc-8d6a-70e949a16079","tr","Tam tersine, fonksiyonel programlama mutable veri gerektirir"
"13ecdcb4-7e0e-4170-bd7f-39e69e71fffb","8d7dc5e4-9d3e-4ecc-bd81-9e6d58d95b96","tr","Yalnızca Java'ya aittir"
"66cf8040-40f5-469a-9975-7489fee2e9f6","e291b6e0-317b-4a3b-b832-d0dc41ebfce4","tr","Sabit, önceden tanımlanmış bir örnek kümesini temsil ederler ve değiştirilemezler"
"9887d936-4d4b-4ee3-abe9-600740d9394c","3aa9dcbc-35f1-44ae-afdd-1a8af292a66f","tr","Hiçbir nedeni yoktur"
"f4f83abc-2206-414d-8bd4-f90b0733610d","345eca65-4bfe-461a-9d93-7c7761014bcb","tr","Yalnızca final anahtar kelimesiyle"
"fc60d441-2dc7-4dee-9bf9-31b277414c25","cd40197d-da20-4c26-9e3a-a3056e5fb59f","tr","Aslında mutable'dırlar"
"f279b4f7-011b-4bdc-8e26-c317495aa520","47950a13-115d-40c7-8240-0eed9f4b3ee4","tr","Array'ın kendisi mutable'dır, referans immutable olsa da elemanlar değiştirilebilir"
"2b31eca3-855f-465f-bf0f-75bc79f383f5","d7b9fb96-0ccd-4e61-bf46-0c062853399f","tr","Hiçbir risk yoktur"
"194bf453-0d1b-4957-a0ee-973c8b2828d7","d0a52809-d431-4eb8-a762-71b3c8c28fdb","tr","Array her zaman immutable'dır"
"d4183b3b-6750-473a-b732-410f58bb3e69","6e69647e-e05e-47af-8867-7eff95e2bde1","tr","Yalnızca performans riski"
"f2144ae4-10a5-4de3-abce-fea0c1595a16","6208ff41-3890-44e4-922f-0b8bf4092f3c","tr","Değer değişmediği için sonucu güvenle yeniden kullanmak mümkündür"
"29b58c57-acfe-40d1-9158-1daf7dc9f94c","02808a0d-9e28-4c51-8ae7-ec2214b550d0","tr","Hiçbir faydası yoktur"
"34841ba9-93b3-4712-8a64-f47f3afcd9c9","3a35903a-19d6-4493-a3c7-a1f73c5e3a38","tr","Önbelleğe almayı engeller"
"fb7d84a4-396d-4390-a62d-40da697c5357","fb53dc6b-6e8e-480f-8b23-ac8b470bcfc2","tr","Yalnızca mutable veri önbelleğe alınabilir"
"5146ebf9-8d25-450e-b644-4ee04933f9bd","fd663508-a189-4686-8436-120b7311355e","tr","Hayır, yalnızca referans değiştirilemez, elemanlar değiştirilebilir"
"23c5d835-0246-492f-99b6-ee787131acc3","123af57c-e796-48ed-bd33-85c58817101e","tr","Evet, tamamen immutable yapar"
"25978cc8-7bc0-4fbf-8df1-aca4a44a724b","3612ee3b-72a4-4af7-9cfc-658a529431ff","tr","Diziyi silinemez yapar"
"33b4cbba-5bb9-4813-a185-d3e9ab33807c","e42cf189-ceea-40dc-9649-15369e9153a8","tr","Hiçbir etkisi yoktur"
"c1e3a2c7-f980-4fe1-a8fb-5c897db6b9ca","173dd2ea-755b-41db-a957-16a8264d934e","tr","Value Object'ler genellikle immutable tasarlanır, çünkü önemli olan kimliği değil değeridir"
"8a1f5867-6674-4629-94ab-d93a1ae9e074","cdf3b1d7-64a3-4fc1-9b3b-956c47087b4d","tr","Hiçbir ilgisi yoktur"
"dddbfb5f-335a-421a-96fb-83cd44646f98","b5ad5074-b0d1-4d00-b1b4-7e27f4143704","tr","Value Object'ler her zaman mutable olmalıdır"
"cdabb42e-a856-4947-920c-738a822543ca","afb735e1-69fd-4bc4-95b3-328e7e8245b3","tr","Yalnızca Entity'lere aittir"
"b913cfee-67b4-4084-90b5-c43947e4e990","61cea433-6cf1-4557-859d-39b5b85c6a65","tr","Hiçbir taraf nesnenin durumunu değiştiremez, bu yüzden yan etki riski yoktur"
"85068cdd-5d96-463e-a03b-7a62cd86593c","b5027566-deca-47a4-8b93-93fd61d9b179","tr","Hiçbir nedeni yoktur"
"a2f14716-106a-4d61-ae4a-e201a6526d5e","731706f4-3ff1-417a-b20f-c117247c5971","tr","Paylaşım her zaman tehlikelidir"
"f33e4291-763b-440a-ab69-93d20d8d211e","4dabbbc3-9e82-45c5-a89b-8985e47cf339","tr","Yalnızca bir thread kullanıldığında güvenlidir"
"620039f8-41f4-489b-b7cb-5c305e629496","4e3a6932-b147-4188-9812-bd993131cf66","tr","Basit, öngörülebilir davranışla Single Responsibility ve güvenilirliği destekler"
"4c30bb2f-dc8a-401c-9498-54aae6ae89ce","eced1e8b-3f60-4aa3-8e9b-59ae971b4e2c","tr","Hiçbir ilgisi yoktur"
"5f33ba10-fe13-4040-8c72-a0a18d17c764","51bdabe0-765f-4255-85ec-eee8c85d83dd","tr","SOLID'e aykırıdır"
"8e946edb-bc10-4991-9cc6-932c26506a6b","fa32af38-4479-4a0a-87a6-6d4a3bd442b6","tr","Yalnızca Liskov Substitution ile ilişkilidir"
"cc6012c3-50e9-4616-b835-27cdc1387a61","25fb1a44-3d9b-473b-8231-99595052ffc6","tr","Sabit değerler kümesini temsil eden özel bir sınıf türü"
"a5eac6ae-f5b6-4fbf-8b86-32a731310938","e2cb3118-a9ca-4674-98cc-6d0ca93c43e7","tr","Sıradan sınıf"
"f1acb434-5c31-416f-925b-58acff2e13d3","736f1dd9-354d-48be-9f67-49ce548f9d2d","tr","Interface"
"2bbd561b-a046-4bba-831f-170d6bd7e597","cbd58695-28b8-4870-a55a-577dedffb241","tr","Exception türü"
"9fa5eefa-7bce-493b-a010-8372e4366020","04ea64ff-b815-4973-817d-3691263e5c36","tr","public, static, final"
"ffa09fc5-7366-4b5e-941c-a9cfd7683f1f","c27e2bd6-8d60-42a9-8083-4df13f393c91","tr","private, mutable"
"17fc62d3-964c-4c44-938a-b52e69322b40","2f716a8f-3954-43eb-80d9-0b985786c6f4","tr","protected, transient"
"c0ee14e1-e9dd-45a2-b5c6-34ab60abaace","f533e819-55bd-44de-a511-3604f9debddf","tr","Hiçbir değiştiricisi (modifier) yoktur"
"dafe7389-1e92-48cc-a2a3-5a1b0c234396","773b0fea-e7e5-42cf-a435-6654f3dc68c5","tr","Evet, ama yalnızca private (veya paket seviyeli) olabilir"
"73481031-8883-4186-9a55-ad828295b4b1","04514edf-1b80-4bb5-8595-a469f678953c","tr","Hayır, mümkün değildir"
"362f859e-b62a-4e2b-aaab-18b9b2d3bf78","da287016-5e45-4450-ac7e-7138ec514183","tr","Yalnızca public olabilir"
"8829f483-a69a-47ed-8f3b-abd807ff020a","3c365f67-1257-43c6-871c-f415032f0846","tr","Constructor gerekmez"
"08f7e9a1-0740-4ffb-ae76-81357f180ac9","61e8caed-01c1-4d16-9f94-7b93ab58dc3d","tr","Tüm enum sabitlerinin dizisini"
"957000ec-a5fc-44fa-a957-cc8b7a27acd8","4f70a157-70a1-446c-a44f-32f3fec8877a","tr","Tek bir sabiti"
"d18635bb-87d2-4bd4-9448-f821978ca475","1473c269-bf99-4016-a4fc-07a0342bf223","tr","Boolean"
"cf71be7f-c13c-4517-82d9-cfeadd816851","7630921c-01d5-4b69-b334-f55bc244a144","tr","Hiçbir şey"
"9c84c65a-bc3a-4363-8a61-7b88fdd4382d","f2b55fe7-7a1e-466a-9fcf-7d23457688c9","tr","Verilen ada uygun enum sabitini döndürür"
"c3113b04-4b02-42b5-b486-0a68b81e2e04","bb96c718-30a3-427b-b951-f69520c3a925","tr","Yeni enum oluşturur"
"d1d35f4e-9393-4f53-8276-f30f21349fe1","f8b704fd-3d60-4844-8d62-067793aa9583","tr","Enum'u siler"
"b2a718b4-e436-43a8-ae8b-28421c7c9b8c","8fb6da99-85f5-4780-8b93-9c2d16e1d26a","tr","Hiçbir işi yoktur"
"b635b4bb-3179-4950-822a-8d5a6c3ec24a","ddb60875-28c3-420a-9244-77ff20d57bbc","tr","case'lerde doğrudan sabit adıyla (enum adı olmadan)"
"a44408f1-187b-46b3-acfb-f4447a388c56","c77bb4cb-40af-4543-88d4-ab069185094a","tr","Kullanılamaz"
"81ac0c0f-9bd1-4644-a490-93cf9f5f20a4","52b44c22-b5e5-470e-b2e2-e8fac01a382f","tr","Yalnızca if-else ile"
"f7585656-0d0a-4bc8-b544-1abb8d36dd97","ed8c89e9-dd7b-4768-8cd7-4ec88e500d05","tr","Yalnızca String olarak"
"ccc6a8a6-3f0c-4900-b7dc-09faf0900ee1","03f6b687-20b3-4bd8-8281-0039298b1b70","tr","Evet, enum interface implement edebilir"
"bfd5fd7c-8002-41f0-94d5-dd9a83536f17","48da3546-9c45-41e1-b77a-ef03d48f557f","tr","Hayır, mümkün değildir"
"f05460d1-755d-4424-8887-c4335ad43f5a","ec30402f-e47b-49fb-9447-84677676afe3","tr","Yalnızca abstract enum yapabilir"
"ceb7ad7a-bee8-46e2-ab67-5c87e339596f","1f46b63b-e115-4755-9e3f-0af1866f70f5","tr","Hiçbir durumda mümkün değildir"
"a3a0bdde-ee42-4d58-bba4-dcb931d87562","74a46fe6-3923-4179-9f9e-d040825aec2e","tr","Sabitin enum'da bildirilme sırasını (0'dan başlayarak)"
"b0d7c274-9f1f-41f2-8d90-0686ba4b304b","49ea236d-4526-4b16-9caf-4d90f39e6e97","tr","Sabitin adını"
"38e96f66-b727-4c79-9744-dff0e874a5d9","7b9bf49f-291e-4f69-aea1-1f0563093ae7","tr","Sabitin hash kodunu"
"3de9ea85-da79-4173-a0ce-cbda7a9513e3","a1192cdc-f7bf-42d0-81ca-e037af585a68","tr","Hiçbir şey"
"0d4843ce-7ba8-4755-b656-dba22f809756","2e34a8da-1dad-4e8b-ad60-c47411be3535","tr","Enum tipleri için yüksek performanslı, özel Set implementasyonu"
"ba603c2d-d0a9-4afd-8be1-30bded2563b4","7465c732-4db2-4039-80f8-0fc136ff0010","tr","Sıradan HashSet"
"206256a0-3b84-474f-8a6e-dbe2c3a996aa","76b0c92d-e43d-43e5-ad77-30a77998f682","tr","Immutable List"
"b613d29d-bcd5-4d44-ac00-6a607a95862d","686e753f-a94c-4379-806d-4f8d265eb0b3","tr","Hiçbir özelliği yoktur"
"90603f23-2988-44e0-a3d7-94c85bcf43ac","2db4f6ec-00ce-4aae-a934-9c5ce447a0df","tr","Her sabit için abstract metodun ayrı bir implementasyonunu (constant-specific method body) yazarak"
"3426b0ad-6d8b-44f2-85e7-db3e9696c595","584e329d-9cdc-45e0-96ca-31b9879475bb","tr","Mümkün değildir"
"bad09dc9-4f69-4465-bb90-ba9449df77ce","56e5c0f5-c25a-4461-801c-cd93ce434207","tr","Yalnızca switch ile"
"4c3d2197-e48f-4521-892a-b00bd7891789","8d93d29f-f9e7-4c84-9583-cc5610f1b1d4","tr","Yalnızca static metotla"
"a5d87582-535b-44d4-83fc-366c4878b42b","38c3967c-1456-4387-bd26-9f3d7907894f","tr","Evet, toString() override edildiğinde farklı metin döndürebilir, name() ise her zaman bildirim adını döndürür"
"c8b1454c-7662-4296-8695-05dbb082d7b5","cf145e82-8e73-4361-b32a-027ed1f32702","tr","Hayır, her zaman aynıdır"
"3d4ff4ae-4b33-4154-b1b7-0c36e8aa363b","19044f06-15e4-44c6-b735-f763f3ae2cfc","tr","Hiçbiri override edilemez"
"c7605b04-4462-43ed-aca3-183593998ffc","ddc80a56-f993-4cd9-a24d-16734ea6723b","tr","name() her zaman boştur"
"970e2832-8a8c-41da-bebd-947a4a998957","31aff594-6e57-49b5-922f-9d13a1b0c262","tr","JVM tarafından thread-safe, serialization-safe tek örnek garantisi verilir"
"8452ab49-0c60-4313-8254-dd5411bfa972","b167bdfe-c46f-42ce-98ca-68d1c2114114","tr","Hiçbir nedeni yoktur"
"746476fb-1ecb-4e2a-ad6f-a36fc8a96f5a","bba2c966-3a75-41e6-85bf-9119da3a1217","tr","Enum'lar mutable'dır"
"a200b2cf-ac9f-4783-b583-c98c4ff2dfcb","04f356fc-bdb5-4675-a691-7bed9224e016","tr","Yalnızca küçük projeler için uygundur"
"c8ca6216-51e3-44be-834d-55f5142349af","c1d4240d-f7a8-4260-974e-90bf152cd148","tr","ordinal() değerine (bildirilme sırasına)"
"6ef69925-ce76-486d-ae81-f44ae30d7918","43712141-11b5-4113-8708-8e3a38306736","tr","Adına göre alfabetik sırayla"
"baee6546-7917-4264-9b02-d845db80db66","5b0c7eeb-20ed-48c6-814a-d7822248c53e","tr","hashCode'a"
"0a82f51f-c0b7-4b15-8c7e-a870f0916586","1dae9fff-e5aa-49fc-a27a-f9b5a46da40d","tr","Hiçbir şeye"
"2fe909c5-2d73-4adc-8e3a-799cbf07cee5","fd96c1a9-8c16-436b-8fb6-70326e585f4d","tr","Evet, her sabit kendi implementasyonunu vermelidir"
"74239264-e397-42cd-9a1c-1db6f3fcdadc","0103e38d-cd44-48ec-9fff-3b8cbedede22","tr","Hayır, mümkün değildir"
"1aa7f22b-38ef-470f-ace1-936793afc393","3e94191d-e4b5-4427-9039-97fd3fd4c35d","tr","Yalnızca static metotlar abstract olabilir"
"958fbcb9-ad57-4b1f-80f5-736128f37ce2","bc55f4bb-9ed8-4ed0-8c53-4be927faba80","tr","Hiçbir durumda"
"acf23cd7-1e86-4f7b-8b40-fd8598408359","bd0cc963-8a07-468a-bd66-85234b41f49b","tr","Enum değişkeni yalnızca açıkça null atanmazsa enum sabitlerinden biridir"
"32d7e2f1-001a-4907-96b0-1fdaa7635414","4bd4e3d4-9a43-4d90-9897-9f71e6574792","tr","Enum'lar her zaman null'dur"
"3f809ed2-30ba-43e6-b7c4-34006b0a865c","4627f523-4a66-4ec6-ad15-bbca72172104","tr","Enum'lar primitif bir tiptir"
"b032a61b-e794-4150-aebd-8c4fa3a14ae0","ef32bb37-d061-4257-b79e-1d671c9a00fc","tr","Hiçbir nedeni yoktur"
"2462dfcb-18e5-40eb-948b-0543c94271f1","07a90006-09bf-4b2a-a33d-3623ea38c0bd","tr","İç olarak dizi tabanlı bir implementasyon kullanır, ordinal() değerine dayanarak"
"7043e9bc-a6f8-4262-b230-25c4e661f774","f179a9e4-6398-4f09-82b8-6e5cf3682eb1","tr","Hiçbir avantajı yoktur"
"6f3f1d26-bfbe-412c-bb74-7c141ebb4b2b","ecb670e6-a028-415b-b1bf-5b981a0146b1","tr","Yalnızca küçük veri için"
"3b71b3a2-cfe1-4648-bb25-175ed046aa21","c779df34-bfae-48a0-9bb1-7b2498c6163e","tr","HashMap her zaman hızlıdır"
"7f6eb507-389f-4a82-8389-c5cf0eb481ba","d077d9e7-5ca5-4736-a35d-97fe710742ca","tr","Evet, enum sıradan bir sınıf gibi alanlara ve metotlara sahip olabilir"
"38ce4eb5-950a-4a0a-9ea2-86b1d61df03d","4ef7f428-d4eb-47d1-9ca5-fd2a4f8cda80","tr","Hayır, yalnızca sabitler olabilir"
"ceb1aefa-101a-4396-8f6d-9527d384d841","4c0bf7be-1830-466c-83ad-fcc6b3d99ce8","tr","Yalnızca static alanlar olabilir"
"2e5b6ac9-62fb-42ec-8c88-da0ae7008517","c37ee24f-565d-49be-839c-5f87d420fbda","tr","Hiçbir durumda mümkün değildir"
"479698b9-dea1-4902-968a-bec716c209f8","9966c921-bfe2-410a-a586-9878cca297f4","tr","java.lang.Enum"
"ff22d9bc-62a2-400b-a16e-f8351990028e","6f02f489-2491-4c1f-b071-3cbb2c60cea0","tr","Object"
"09540b6d-78d5-4a8f-95ab-991bf60eabb8","12252c23-6b62-4b06-8d29-38f79eb9af5f","tr","Number"
"2831f7e8-a5db-4b94-b4ea-4c7d4f60cc5d","29dde199-9163-44ca-9360-e0507079a4ac","tr","Comparable"
"81b2dd4c-f538-499d-81a1-ae03764b8a8f","da2f12a8-f774-4d57-9a1d-1918b51ff1aa","tr","Java, enum serileştirmesini özel bir şekilde yönetir, yalnızca adı serileştirilir"
"655ab29b-082a-4bcb-a9eb-1954fe340854","d08beeac-5b32-48b7-92b6-9e4c07f89314","tr","Enum'lar serileştirilemez"
"71eb2b38-991c-40c9-92ce-a0835b264bd5","5a05c9c0-35f0-439a-9490-92eaf636f8fe","tr","Enum'lar her zaman transient'tir"
"f4d77905-2d0d-4b82-86a1-a7d3a66d90d1","09927acf-70bd-4618-bed8-96578ff7c4ca","tr","Hiçbir nedeni yoktur"
"c0ec629d-b8bc-4e74-a94c-19e316c5ade8","82b17bbf-0393-4e5e-86ab-6a46094683c6","tr","Evet, enum birden fazla interface implement edebilir"
"0c881ca0-d3ab-45fb-93eb-2bf02722b399","63370137-3966-4304-b744-9d8228dce887","tr","Hayır, mümkün değildir"
"4b1ffe69-d792-4d7b-95c6-ab40cb32f952","43dd0bbc-e883-4b53-90d3-c12584cd3350","tr","Yalnızca bir interface"
"b1b41d36-46b1-4ed7-8e60-80442552bccb","aeee6dc9-8375-4c0b-9166-d2a4863525bf","tr","Hiçbir durumda"
"82c19365-1b79-4626-ad6c-f10a52b28a42","e738e4b3-d79d-41c7-ba22-1f697d59aafa","tr","Aynı girdi için her zaman aynı sonucu veren ve yan etkisi olmayan fonksiyon"
"90038a78-4ad0-4c5b-b84f-5c5fddf859fb","6b27db7c-e406-4abb-9bef-f5405f075f9f","tr","Rastgele sonuç veren fonksiyon"
"89b53768-deb2-4f78-9e10-86d4e1b7ff97","9cced7d7-4b14-4396-b143-090fce3afa5e","tr","Statik fonksiyon"
"6ad4913c-6100-4d6d-b558-f1f7a8bb39a1","8844adae-3088-4348-baa9-fa084c794960","tr","Hiçbir anlamı yoktur"
"f42188eb-e34c-4ded-9a7e-df7f78263182","366e76ec-7d4d-41fc-897c-8d253eca85f5","tr","Fonksiyonun kendi yerel kapsamı dışındaki durumu değiştirmesi (örn. global değişkeni değiştirmek)"
"bafc544b-41da-49d6-a811-24b695bf35d5","2eb4a976-e7aa-4256-8cb6-d124005f31ab","tr","Fonksiyonun sonuç döndürmesi"
"036bd2c8-3d1d-4f52-addd-c5c4449b8c2d","4dcee9ac-9b7e-43f0-9117-a2a32c049926","tr","Fonksiyonun hızlı çalışması"
"fc496d0e-5907-4e3e-bf93-16c262a4fc0e","d21d4790-0a3b-4547-8c4d-a651dcc5587c","tr","Hiçbir anlamı yoktur"
"12b82ba7-153b-4fdc-94e9-d8da4a098f5f","9c5cc393-cac0-45b9-a282-bf033a9a7983","tr","Parametre olarak fonksiyon kabul eden veya fonksiyon döndüren fonksiyon"
"f5fa2b26-86cf-4105-88b4-6216f330bf6a","b91685e0-a3c5-44f7-829b-e49459ce8e48","tr","Yalnızca statik fonksiyon"
"7345b856-44cc-4420-b9ff-fea324c06f53","09abcbe3-6e56-4772-8e92-072f26d89753","tr","Yalnızca private fonksiyon"
"bcab9150-6b72-47b9-9d01-526afc077e5b","3fe8a5c8-912c-42f2-afe4-b6dd39a9d381","tr","Hiçbir anlamı yoktur"
"238da9d9-272e-4f21-b7a9-6ff23c8afbad","d155d654-ef09-46f1-8169-42e233626ab6","tr","Yan etkileri azaltarak kodun öngörülebilir ve paralel çalıştırmaya uygun olmasını sağlar"
"dd952888-535d-4d8c-a89a-b6875339c36f","efb9d396-3ca3-4dd7-aed4-537505086849","tr","Hiçbir önemi yoktur"
"3d23c93d-98ab-4213-aa78-f7d33f54dc09","4d402827-df60-4766-ae6b-b15f32838015","tr","Performansı her zaman düşürür"
"cafcf51f-947c-4ded-b39d-5ec62fbab1b2","59d5e626-b21a-4da6-b3af-31d108572a27","tr","Yalnızca Java'ya aittir"
"dbe98556-dd1d-4a3c-98a2-15bdae7daf87","d5b73739-4c4c-4ff1-8020-75f4da1de963","tr","Çok argümanlı bir fonksiyonu, tek argüman kabul eden fonksiyonlar zincirine dönüştürmek"
"b1e65fcc-5f7b-4e45-b1d2-421b9813b313","5a554306-2095-414f-84e3-af6631828d92","tr","Fonksiyonu silmek"
"d124afbe-3516-4a9a-b92b-e55020f7305b","083fee0d-5d15-44f6-9b25-fee22966cd2a","tr","Fonksiyonu hızlandırmak"
"d37948ad-a5f9-4925-b22c-32740fdf414e","7baf4999-dc80-458b-a6ea-e5e26ab7f24a","tr","Hiçbir anlamı yoktur"
"7a55f102-f35e-47d4-9e86-aed78a6778a9","690805fe-c0c5-43d9-af90-62182017da49","tr","Fonksiyonları değer olarak geçirmeye imkân vererek (functional interface aracılığıyla)"
"7aa8116c-4847-4174-bbc3-6d0ff8b9c4da","20e76491-8e52-4875-8a5d-db7191b361a3","tr","Hiçbir destek vermez"
"1407e621-fdda-4004-bbe9-f6ac84127d37","67e16ff4-5758-4948-a0cd-fb698358d443","tr","Yalnızca OOP destekler"
"5094c7a7-423d-4d2f-adf4-c1f66fd39552","950f2fcc-f504-4b82-a8c4-e0f17e36c7da","tr","Yalnızca statik metotların yerini alır"
"8b5a2f28-6845-427d-9de2-673e6c9d1ef1","8f65c8a6-2dea-4f82-a48d-a94198f518e6","tr","İfadenin kendi sonucuyla değiştirilmesinin programın davranışını değiştirmemesi"
"48ccd15e-1431-403b-b180-0e389fc55022","ce482a67-482d-495c-b245-459bba112e9e","tr","Kodun okunabilir olması"
"1ef659bf-d170-4202-b2c1-b4e2f9f43f3e","345a059c-ef48-47f3-9afc-c30995220d0c","tr","Değişkenin görünürlüğü"
"a0485d54-eb3f-4641-a9c9-40973c6f6cb8","c89dbf30-2a5b-4e0f-95c2-4e60dc866907","tr","Hiçbir anlamı yoktur"
"596910d4-0726-4ec2-b6af-c7270e65d257","8e8f41b8-5373-4261-8a22-6dfe61ef9853","tr","İki veya daha fazla fonksiyonu birleştirerek yeni bir fonksiyon oluşturmak (örn. Function.andThen())"
"06caa5d8-9b7d-4396-b4e1-278a47056423","14b0e0ed-bc1e-4452-89d8-ada23c3d4988","tr","Fonksiyonları silmek"
"95207c2b-d23f-405d-a2cd-d84eefda17e2","47859e5b-905b-4889-8985-ea2f4f07111f","tr","Fonksiyonları paralel çalıştırmak"
"e06dac54-653e-4c67-bd70-9af29eb1ea3e","306c8fc3-066e-496a-b55c-78da16ea7975","tr","Hiçbir anlamı yoktur"
"aff9d84a-c319-4dc4-a01a-ea7d72728731","86e1881c-c99a-4354-86d9-d885a86d5a5d","tr","andThen() önce geçerli fonksiyonu, sonra argümanı çalıştırır; compose() ise tam tersi"
"91806983-c120-48bb-8bef-3f5b4f1a7aba","18c53c09-b9f7-4db7-8965-9c6eda92b86f","tr","Fark yoktur"
"31083405-f92e-4ae7-8455-379233178686","347d69ce-cfcf-4316-9bb5-2e368cb452c9","tr","Yalnızca adları farklıdır"
"5d117406-e6a9-4303-9f57-cfc6f0718290","7a932847-e0d9-46e9-9554-74170f42fa0e","tr","andThen() yalnızca Consumer içindir"
"2644f027-2325-4f68-b71d-32b2ac9dac70","44cbe0b2-fd0a-4993-896e-9b3a5d871ba5","tr","Döngü (loop) yerine fonksiyonun kendini çağırarak yinelemesiz çözüm sunar"
"7e65be46-cbac-47ce-8d24-62d54ae4f02e","e21dbc41-d03f-46a4-b1ab-4432495817bf","tr","Hiçbir nedeni yoktur"
"13c2f72a-56a8-40c2-a1a0-ad6763065b0d","74b3d3a4-3dee-4c83-8a80-fa146e771dd8","tr","Yalnızca Java'da mevcuttur"
"6f156f2b-2d18-4248-98c4-9fb1ce5e31c0","130f2164-a4ea-4ea5-b2ac-46a2af634b30","tr","Performans için her zaman daha iyidir"
"c87294b6-5ac8-4ca3-ae96-34bf8c541a23","d9c5d653-cd14-4c04-8796-892890f60bbb","tr","Özyinelemeli çağrının fonksiyonun son işlemi olması, bazı dillerde optimize edilir"
"d5122987-e20c-4702-8da1-72032821792d","531aa585-76f5-47b5-9948-a8be38e186b1","tr","Sıradan özyineleme (recursion)"
"885ec139-4a67-4ca0-a6c3-75117ca144e5","315dd880-0ad8-4bfa-962b-0f8f38035e42","tr","Sonsuz özyineleme (recursion)"
"3e3b64d1-5f54-49c2-a42d-0c2ee532f7d2","1007c746-7ee9-40e3-a636-624986512c11","tr","Hiçbir anlamı yoktur"
"a8771d02-c838-4900-8734-a3c7931d9a7c","fddac55b-1f0b-47d4-b6b1-e237f1f0d8e3","tr","JVM, bytecode seviyesinde bu optimizasyonu desteklemez"
"09dd8693-7a0b-415e-ad09-08ad660fe777","12b9b772-85ab-4a13-a4d8-568f5e8ac660","tr","Java, tail recursion'ı tamamen yasaklar"
"70b11a9c-2663-431d-8b4b-2a2dfb151e9a","82a37561-8846-40a6-85e1-6f32dfc712a8","tr","Hiçbir nedeni yoktur"
"918a3104-c997-4e7a-9a3b-960985a18e5a","490c0135-6c84-4953-bdb9-37c5aad274c4","tr","Yalnızca static metotlarda desteklenir"
"f187f17a-d71e-4ec6-b695-929d3430a06d","dfbf3634-052f-456c-afa9-209bfe3b2062","tr","Değerleri (""context"" içinde) zincirleme, güvenli şekilde işlemeye"
"981367bb-c16c-4aba-bbb9-b9a185a206a4","81081f44-c726-4610-b82d-8a3fc6626419","tr","Yalnızca exception yakalamaya"
"ed310aed-57df-4535-abc6-7b21d6fe4f38","a9c8c4bf-7fba-4e6b-8d6d-5cba400b6e10","tr","Yalnızca string işlemeye"
"ec150b01-3b79-4145-9ff1-e6ad735ab300","1ae9f4c3-a649-4a6f-891b-a63b19b9a038","tr","Hiçbir amaca hizmet etmez"
"c616eacd-347b-4311-ad2d-b592a768bef1","0b0f1071-e0b1-4814-a7f4-30bb0f44b4fa","tr","Immutable yapılar her değişiklikte yeni bir nesne oluşturduğu için ek bellek maliyeti olabilir"
"1fa25de1-b4b7-4055-86cc-04fba1c16104","766a4412-34d2-47dc-b3d9-cab6ad698302","tr","Hiçbir farkı yoktur"
"d6719704-4e7e-49b7-97d1-b319bdaa4ed8","7b1d2fc6-aee2-448c-bc5c-61a5a3d342b2","tr","Mutable her zaman kötüdür"
"36b33f5d-d2d4-409e-9fed-f612315e6c4d","5a094235-9582-4436-94d7-e846598a1499","tr","Immutable her zaman hızlıdır"
"4f4b4100-35bc-4337-be02-4928c7718978","330a3d5b-c1e9-4eb3-a285-f4a755a79d6a","tr","'Ne' istendiğini tanımlar, 'nasıl' yapılacağını değil (örn. Stream API)"
"fe7906d5-2bcd-4da5-9f2b-b7e5f2a3f53d","eb02b10c-d8d1-460a-beb9-3833525d069d","tr","Fark yoktur"
"eddcd6dc-8ecc-4659-b633-f2f0c485a553","29662f83-c350-4793-8c4c-5777ad6715d9","tr","Yalnızca sözdizimi farklıdır"
"4878c87d-3209-48c3-84de-2ea635889830","36596111-361c-4ac2-9f39-c240ce03764e","tr","Declarative yalnızca SQL içindir"
"12c2e486-be04-4f04-bf4c-18ec22f71dab","c4b9b131-4b45-4431-a608-a5862374e6b9","tr","İfadenin sonucunun yalnızca gerçekten gerektiğinde hesaplanması (örn. Stream ara işlemleri)"
"6048eb94-45c0-4724-a4e5-6c5b7dc3ab8b","949308b1-b3a9-4822-9a86-54bbcfaac84f","tr","Her zaman hemen hesaplamak"
"b8454d48-22b7-4be7-ba03-19ff7ece3f58","b19b87b9-0f96-470c-b119-e43a302826fb","tr","Hiçbir zaman hesaplamamak"
"37e6a91c-5123-498e-8954-44f75436e848","bef93a31-0ad5-422c-abce-9581e8dbddea","tr","Yalnızca static bağlamda çalışır"
"8e9f5fec-736e-4666-a456-e20855bc6052","019c55cf-53c4-45c7-a672-7989d9f47fcc","tr","İki argüman kabul edip bir sonuç döndüren fonksiyonu"
"acee99fe-dc5d-4c0e-a9a0-b8300b12443a","10cf63f0-a143-4017-8a9e-d41991ebe36c","tr","Bir argüman kabul eden fonksiyonu"
"14e40489-9fb8-40b3-a321-57a36e87cc46","b58f11dc-e4de-4e4c-9e77-edc3f85f1759","tr","Hiçbir argüman kabul etmeyen fonksiyonu"
"f57b7a54-b8cc-4854-a599-5335612367c4","224e86a5-2353-48c2-9c53-3504b12a5f8d","tr","Yalnızca boolean döndüren fonksiyonu"
"598f59fb-78f8-4eb0-bd31-d42b64aa2189","c8b75763-709a-4a9a-81da-84c2e21077dd","tr","Fonksiyonların değişkenlere atanabilmesi, parametre olarak geçirilebilmesi ve döndürülebilmesi"
"ad538acb-9fa0-4801-9257-efb978c33841","356c6af4-58d9-4d31-ac45-9ca21b2cd0d0","tr","Yalnızca en önemli fonksiyon"
"90772193-1538-4c2a-b6d4-cdc68617ea29","fda9fcf0-2f33-4d90-8668-cf044163de74","tr","Statik fonksiyon"
"d124b83f-9b8e-4124-a2f9-7218c198251c","4d8f852d-478e-4c61-889f-872ea16e73f1","tr","Hiçbir anlamı yoktur"
"eab9c225-9f75-421e-bfa8-028a9fa9ff79","5e3417b5-41d8-4239-ba7c-f4c838c29a44","tr","Immutable işlem zinciri ve bildirimsel (declarative) üslupla veri işlemeye imkân verir"
"3b6625dd-38c6-4e06-98a9-3f282fa35b8e","b0c09cb4-6e4e-4751-92a3-8ce1f63afe60","tr","Hiçbir uygunluğu yoktur"
"82d1b363-aad7-4f04-9590-fffb752e1f40","2fb00b94-c82e-4562-a7a9-312c973c60b8","tr","Yalnızca OOP prensiplerine dayanır"
"a7b870ae-5e54-4763-9320-2041cd7bcd32","34f25238-2b3d-440f-a32a-fcb1920428c7","tr","Yalnızca koleksiyonları değiştirir"
"49265ab5-44ea-4700-a931-04d803ece9bb","80170cf7-ac84-49a8-9eb4-38e77fde0e0a","tr","Bir işlemi birden fazla kez uygulamak, sonucu bir kez uygulamakla aynı yapar"
"5109fb47-8805-4064-8f58-a4d21fc7e005","859094af-699f-4a22-a812-fabdf066d427","tr","Hiçbir zaman aynı sonucu vermez"
"9d8d77f1-81dc-4a49-b20d-60b8936ff466","89800074-864e-4251-9a94-c8ef7c89d171","tr","Yalnızca bir kez çalıştırılabilir"
"38adced8-64ef-47dc-8753-031469cff516","94931cb9-db1b-4526-8752-76d3270f8db1","tr","Hiçbir anlamı yoktur"
"bbcc824f-b7b2-4f1b-8565-cc5e616d1170","f1e58aed-0123-46b9-b44f-60ea8858a091","tr","Nesneyi bayt dizisine dönüştürmek (saklamak veya iletmek için)"
"406ee9a8-d075-406b-b2a0-241202408dd2","ee647195-8465-43ad-9add-91810cf9eb76","tr","Nesneyi silmek"
"b95dd2ab-f096-4012-9abf-08cc9850f305","623f3322-b662-4092-af9a-38df8ece7df0","tr","Nesneyi klonlamak"
"acb36a71-6569-4ae1-bc6f-b5b5416bb59a","2bdc3d98-7be0-455e-a289-5635165cf07a","tr","Nesneyi sıralamak"
"41544b9a-6307-4f2d-8468-09810eb7c548","f2c4de3e-c937-474f-878d-fe1978ae4fec","tr","Sınıfın nesnelerinin serileştirilebilmesini sağlamak için"
"0753aa67-2705-4958-9310-9282df776d95","c82230ad-73cf-4ec2-97bd-94155b2f45a4","tr","Sınıfı final yapmak için"
"3ae2ccb5-6aba-4a4f-9945-7703491f3cb2","e34bb470-a95e-4071-bc8f-49570a84d70f","tr","Metotları gizlemek için"
"ad7025d8-0a64-441b-8ad3-ee595ac911d8","7ee15f88-95a7-4d43-baa7-2b3a17cda2f4","tr","Hiçbir amacı yoktur"
"723f26a6-fe6a-4552-be29-4d0a65396177","63cf4c54-48d1-4a5b-b1bf-361c4e57f2b0","tr","Alanın serileştirme sırasında dikkate alınmamasını sağlar"
"3e2e0242-8a93-4ab0-82c3-e149d522d020","3b04cd90-8055-4996-b3e1-d607ca6ccf4f","tr","Alanı final yapar"
"370b3757-a579-4a92-87cc-5b28f3b05103","4a12199c-360e-4446-8849-fe597e2a8abf","tr","Alanı statik yapar"
"bfabc4c2-a85d-442c-b67b-eead90cfbf74","d2a9712e-2add-4e90-b5ed-bddff24d4005","tr","Hiçbir şey yapmaz"
"1bc6f428-4c16-4630-96f1-ec8c9b426337","6399dbb5-a009-4567-a2d1-6c19d435c3e4","tr","Dahili tamponlama (buffering) ile okuma işlemlerinin sayısını azaltır"
"eaa057aa-a4cc-427c-98ea-7e05c34c5dd3","3b520547-45cd-44cb-b39c-2339c36c7ab1","tr","Fark yoktur"
"c7ad19ab-5228-4368-9269-5991be5e2032","aa8e11c5-b741-41d1-af6e-e1a6e6becc63","tr","Daha az bellek kullanır"
"9a9792eb-bca4-4334-a59d-8550173cacb0","ebb40ff8-5a07-4246-b06f-d8e5a555857d","tr","Yalnızca binary dosyalar içindir"
"aa36f8cc-3d42-49db-8aa1-a2124a92a4e9","4b829443-4814-4ea7-b215-979ebf469221","tr","Stream/kaynakların otomatik ve doğru şekilde kapatılmasını sağlar"
"ae2a4e5e-2ba7-4265-99af-615f3d5dac80","fa0b88b4-b6c3-4588-9b2b-62f800b22106","tr","Dosyayı hızlı okur"
"21c61766-ba8a-4593-a20b-7986f089a0f0","a3d5522c-22a3-40c7-ac23-507e85e28d84","tr","Belleği artırır"
"3756f353-7f8c-4739-9e7a-49a14c267a40","a1013c38-87d0-41bc-86e5-2e87d477d24a","tr","Hiçbir önemi yoktur"
"9a0ae289-b0f9-4bce-806f-a09ce5e18508","77657ddd-e8ec-4d47-bd54-32db7c234e3a","tr","InputStream bayt, Reader ise karakter tabanlı okuma yapar"
"7ecc3b2f-7003-46e8-9f8a-8f1bb262c159","0101d5fa-066c-4473-8719-daba70283c4a","tr","Fark yoktur"
"124e1705-6bb7-4646-9d2a-e532fb86a64b","1bca2215-0b7a-4b10-896b-2c788173c78b","tr","Reader yalnızca dosya içindir"
"7f4fa4a6-099e-42f7-8380-2fb47f89e5f2","9aafa157-aaaf-47ab-bbc8-a8ca687d8d7c","tr","InputStream yalnızca ağ içindir"
"2ab1f915-0481-4934-9e94-f4e3262a9fb2","046f8c8e-6c61-4ba2-83b9-cc895e493965","tr","Serileştirilmiş sınıfın versiyonunu yönetmek için, deserialization sırasında uyumluluğu kontrol etmek için"
"bc19736b-e4e0-41c8-9b91-48e1be2f6c73","8be5303a-fbcb-4290-a285-28542c44af70","tr","Nesnenin ID'si için"
"ce24d42b-126e-4ea6-9f02-5de1c9c23bb8","25886c8a-8669-4308-bfc8-90ac257395a5","tr","Thread ID'si için"
"d9478248-a6b2-427d-9480-a19d411a32f3","24978bea-3c0e-4779-8fc1-2a882a5b1646","tr","Hiçbir amacı yoktur"
"644b32e5-197d-492d-b463-2bc68a5ee471","7d4390bf-2a67-4243-a997-3b250d8e0a8c","tr","Dosya işlemlerini (okuma, yazma, kopyalama) modern ve rahat şekilde yapmak için"
"6fa7c750-507e-4a81-8850-c26e09fdd7bc","0223a2dc-0d55-410c-80ec-6708664e5078","tr","Ağ işlemleri için"
"8e091cb6-f526-4d9c-896d-c60a8b618136","f6b3a5ab-041e-4cb8-828e-dfa1e420740b","tr","Thread oluşturmak için"
"c5024c9a-6885-4f53-8ea4-809c7345fe0d","87a498d6-29cf-43c2-826d-c9d1427dc421","tr","Hiçbir amacı yoktur"
"32c03ef3-b315-4b4d-b91d-4940870c83a8","51d2d43b-f788-46a6-8871-62bd1833fcea","tr","Zararlı serileştirilmiş veri, çalıştırılabilir koda dönüştürülebilir (insecure deserialization)"
"21707feb-0c01-4091-b7c6-356551a170f9","5a333d3e-2d84-48c6-81fb-668a6131ccb7","tr","Hiçbir risk yoktur"
"4cca5f43-fd8f-4db3-a366-743f7b335db3","aef177c8-8831-4964-b40a-a0d562641244","tr","Yalnızca performans düşer"
"c31fbb34-8777-43be-9ef3-7a17133514e3","0f00b2aa-522b-46d9-959c-29e8d40ce1c5","tr","Dosya büyür"
"bc0b61b7-a5ad-4fc9-beeb-1fde15c1d93d","70ce1585-ef6d-4239-8f9a-8c55056d9289","tr","Standart çıktı akışını (stdout, PrintStream)"
"1caea12c-5b74-48b3-bc3e-47518fa7be5b","a0ea4084-6c87-44d5-8bb6-c50108cde9ed","tr","Standart girdi akışını"
"2b2de920-954d-408c-b765-ad43182264f9","48fbe2b0-f314-4b92-8054-5607c0923bd7","tr","Ağ akışını"
"28dfe3c0-6969-49d7-9eb1-9fd5163b1a04","053bf4a9-9a49-47c1-8979-35944fab93ed","tr","Dosya akışını"
"54d36b20-4226-4ad1-934e-3960e588d2ea","80510b79-3352-44e3-b549-3b3e8e18fbb8","tr","Dosyanın her satırını içeren List<String>"
"73068310-2243-4f7f-ae4f-becf35f3d13a","579c5024-e083-474b-8de4-3f94f82c949e","tr","Tek String"
"7a7816b8-1e59-4f5d-a613-1a95064142a5","520650a5-5d42-44f4-b191-2c0ca3b33f72","tr","byte dizisi"
"12ecd791-5086-4765-8b3b-a6d4feb04927","8ff05822-d719-442b-9506-ccbd941e92a9","tr","Hiçbir şey"
"376027cb-9624-4cd5-81b5-44767542fe12","df16c695-7952-41b1-9189-6a9bc6db9964","tr","PrintWriter biçimlendirilmiş çıktı (print/println) sunar, BufferedWriter ise sadece tamponlanmış yazma yapar"
"5e07509c-314d-4c89-bf8f-44bcfb2b310f","b36d57a3-71fc-4ca8-bb4e-48dddd7de83e","tr","Fark yoktur"
"7755a1de-5c03-4f03-b6cb-0ca87ba7fb39","8fa91ecd-2e85-4da6-96a1-9e06feefc87b","tr","BufferedWriter biçimlendirme yapar"
"0c52bc02-add9-4aba-9569-d7a957c3c123","af64b509-3b3d-4cc8-8b83-b468a35282d0","tr","PrintWriter yalnızca dosya içindir"
"8264e8b2-699a-4109-a3fe-1cce5d0c731e","f880e110-05bc-4f51-a0eb-33ac35e1e03c","tr","Kaynak sızıntısı (resource leak) — dosya handle'ı kapanmayabilir"
"37334ec4-c4c0-4e40-bcc2-f66ea977f9fd","586b0518-d837-45ff-8e32-5bcfef82a5ca","tr","Hiçbir risk yoktur"
"0967de87-aa0c-4306-9cc5-400534897288","1ae07e54-50e8-48c2-a601-59fbcde2fa97","tr","Dosya otomatik olarak silinir"
"87d417de-7000-47ef-b7c9-eade640178cf","eebeb3b9-51c5-49ac-a6b1-fe0d775da683","tr","Performans artar"
"27bf2f9f-f9e9-4e2c-bf83-bdffb3d37bf8","f8ccabce-8741-44a3-abf9-8ed047c7e2c2","tr","OutputStream bayt, Writer ise karakter tabanlı yazma yapar"
"3ad6e45d-cf1f-4f77-902b-ade17cd1f3cb","adf9f0f3-c65a-4a5e-a76d-9e944de85ed9","tr","Fark yoktur"
"7cb4b6ca-aced-47be-8fae-a75ae60440b3","a9d0f29f-05a9-4a68-a088-c364b84bff3c","tr","Writer yalnızca dosya içindir"
"44034938-8b5c-4b3f-ad60-9fab5f84051d","7faa6178-09b2-4867-812c-b8a323d19a77","tr","OutputStream yalnızca ağ içindir"
"3fddf0f8-979b-4f34-a7cc-1f9ab60bb65a","db327d4b-df39-4479-a63e-063d8f795945","tr","Dosyaya herhangi bir konumdan okuma/yazma yapmak için (sıralı olmayan erişim)"
"a93aa8df-0c59-42f9-ba4f-00ad9beaa3dc","46deb45e-3146-4b36-a1a8-bb56725c167a","tr","Yalnızca sıralı okuma için"
"a026a3a5-3201-4980-b235-4c8397507200","44b5e21b-a973-47a6-b584-0b6845846279","tr","Yalnızca yazmak için"
"dfcf4c93-6684-482f-8baf-80a3d7e146a9","0675b6bd-b12d-421c-bbb1-3376a8cfb00b","tr","Hiçbir amacı yoktur"
"aa4f4179-0010-4b78-8bdd-c9069d3d75bd","6eb6a0ca-6764-4a34-9b17-dbabf0dc1215","tr","Serileştirme sürecini tamamen elle (readExternal/writeExternal) yönetmeye imkân verir"
"03473340-6520-4f1f-9cd7-449174f58db5","8bad651c-75fa-4c24-98ce-ce42e9d30f17","tr","Fark yoktur"
"ce29752c-ac53-430a-a6cd-c067ab24832e","00d177f5-c0b7-4a58-9e94-4d75af5421b3","tr","Daha az kontrol verir"
"3cb39ca2-dbb8-46eb-b21c-28fe4a4efeae","203bd719-b57f-450e-a4f4-94fe8f274b91","tr","Hiçbir ilgisi yoktur"
"d80492bc-d9db-42a8-8a60-9cdaa812ef86","f787e6e4-b7c5-4441-9ab7-e1e5fc683cfb","tr","java.nio.file.Path ve Files sınıfları"
"67c998bd-a2a9-48d4-994c-fda9e962ad91","2c6d72d2-5bbf-4444-9568-93b14a439fd4","tr","Yalnızca java.io.File"
"adf51d99-84cd-4bfc-bbe6-cf9d500f0faa","6bb66c41-387d-4992-8d90-433c46fa0e7c","tr","Yalnızca String işlemleri"
"62753bba-8c46-4085-aca1-11fd3a7b06fb","27b1104d-4773-4293-88ed-1901539754a1","tr","Hiçbir önerisi yoktur"
"a7210b7e-bde8-4102-8514-b40528d77288","e53520fc-4bb8-4d0a-8067-83cbe058f908","tr","I/O işlemlerinin sayısını azaltarak performansı artırmak"
"beed6479-cb2f-46c7-9a3a-fa2ceafe6821","659fe37e-3874-4bb2-9de1-cacb2a72412b","tr","Hiçbir faydası yoktur"
"ef213b18-ff17-4278-9af0-c75a17b879d3","9824b686-b5a0-4708-932f-504e2643b51c","tr","Belleği azaltmak"
"53553fd6-56a0-4876-8142-4c8be19423b9","9e6ebe31-7c9f-480d-9e15-993d1b2f5077","tr","Yalnızca binary dosyalar içindir"
"a758fd41-9a7b-4dee-97c8-2199540628ac","9bc09f65-6328-45ca-acd8-2cb5697f9283","tr","Scanner veya BufferedReader aracılığıyla"
"2aacdd55-a8a2-4e29-b3ca-c5e802339aad","fb766853-86ea-440f-84a3-9646a6097622","tr","Doğrudan String olarak"
"c0a6b521-07f7-4535-9a2a-a35b77d55299","85a64416-fd13-48ba-b7f4-2d5da39015f6","tr","Yalnızca dosya olarak"
"91166b70-686d-421b-84ed-afb745928307","fbf9ff1e-3767-4cea-83fc-07611da75c07","tr","Okunamaz"
"97f3996e-bcfd-496c-96d9-451f46d56509","ec78b194-e646-4b3f-84d6-bd54d4a0f4d4","tr","Serileştirme sürecine özel mantık (örn. şifreleme, doğrulama) eklemek"
"823621ce-5a17-446a-bd34-a610dd3d0256","5dfb8c17-652b-45b9-b5a6-bba2ace7a75d","tr","Hiçbir amacı yoktur"
"1d211fbc-df53-48b1-9a68-c21862250f67","f59ac29a-9807-452e-a4fb-53521e1f490c","tr","Süreci yasaklamak"
"1c58c0e3-9407-4b44-a734-3fb0aa21ffd9","11edc2d7-df1e-4576-ab62-122e2d451308","tr","Yalnızca performans için"
"f0c8fb41-0790-42f1-bbfc-e85e185feb7e","7a35a61e-4def-4578-8328-1ad28423d3e2","tr","Dağıtık sürüm kontrol sistemi"
"f559a6c6-c01c-4f73-8976-bc6531c03074","17b1a3e2-7687-4b77-aacc-c4c2db3b0b19","tr","Veritabanı"
"285af046-f7ca-46cc-a634-ba300f577ea3","456514a3-2b4a-4425-8de8-95e824bb24f3","tr","Programlama dili"
"5d43005c-857d-433f-8ff2-544c24032f0f","a3f647af-85c4-425c-bbca-cf9896d529e6","tr","Hiçbir anlamı yoktur"
"f08a919c-aa21-469c-b6bd-a51a8fa4d325","0ce39dd6-54ed-487f-9880-7b47db74c05a","tr","Değişiklikleri yerel repository'ye kaydeder"
"f726b0db-cd87-44fb-a244-77fdbc621b64","506308b0-7276-4e3d-baab-45b894c25131","tr","Değişiklikleri remote'a gönderir"
"966ab554-024b-4395-a1f9-fda996d7f7fd","2f466927-4a37-45aa-a225-08f52a11ac9b","tr","Yeni branch oluşturur"
"f5df5c29-7982-4916-80d5-48d5099d3f80","3ec3f039-6f26-41a4-a6bf-135ca13ca65d","tr","Hiçbir şey yapmaz"
"3634d682-f5ab-462a-95d1-52bcab6d7068","ccdb33c7-8a0b-4255-aad6-243282b8cfe7","tr","push yerel değişiklikleri remote'a gönderir, pull remote'dan değişiklikleri alır"
"c03504c6-284a-4495-a37b-13f6aa441d63","3fdc0901-b80e-4c52-9918-a58f3e9e43b3","tr","Fark yoktur"
"5b9d0fbb-cb4d-44a5-8610-9ac3eccc73dd","b9250c83-4293-4ef2-b681-f7f169c54c0a","tr","pull gönderir"
"1fd4dfc1-8511-4a44-b1cd-12ca3cc84319","d93c2e4d-ea87-4ffb-9123-ccd778daba21","tr","push alır"
"b0ffceac-b557-4415-a04a-eb0f462fe5e5","38834ec4-f613-4e26-a50e-0527eb5afd5c","tr","Ana kod hattından ayrı, izole bir şekilde geliştirme yapmak için"
"9322745e-ffec-4865-842e-618571cddd53","9a1e8e44-c5ba-4cde-805f-1422e4501efb","tr","Kodu silmek için"
"48166e88-ee5b-49c9-8f5d-793d29627f43","3005b918-fac9-422f-8816-ae7ec755ebed","tr","Hiçbir amacı yoktur"
"7e870b0c-4078-43cd-9059-e4ecbc73cd8c","529a1cf3-4f22-45b3-a310-b33df3433165","tr","Yalnızca test için"
"c0c4c345-29b2-4386-90b2-43cdc7a562a5","04d2cd67-f3d6-42f9-a707-72ded7408075","tr","Aynı dosya bölümüne farklı branch'lerde uyumsuz değişiklikler yapıldığında"
"5f749412-f565-44e0-a6b2-dd920ca865a6","3ae93bfe-41eb-40ab-998a-0c5b5eecbc19","tr","Hiçbir zaman"
"09262d27-5b1c-4303-94fb-a7b82310dcd4","7e3b32ef-1180-43b3-b1f8-ff320f6ff8ea","tr","Yalnızca yeni branch oluşturulduğunda"
"11fa1179-91a6-4845-9934-4a425abd4551","88ebc868-6335-44d8-a2b0-fc92b0543f84","tr","Yalnızca commit edildiğinde"
"24770fc6-6051-4db9-8151-1bca4a1da72d","1480d903-7c5c-4ccf-b1f1-6b0e07d9304d","tr","Rebase commit geçmişini doğrusal yapar, merge ise bir birleştirme commit'i oluşturur"
"d7032eab-c7e7-42b0-a108-bf804ac4b637","a3cb6928-fdd5-4309-a83b-70a511307913","tr","Fark yoktur"
"440fbfe8-cf2d-4ad3-983a-d5f19d45fdf6","13634de1-3cda-4289-97b8-e23f63bdea21","tr","Merge geçmişi doğrusal yapar"
"c0108152-e80d-4771-8887-922aaf7440ff","b7421b2a-b6c7-4106-baa9-3d5a4d154c10","tr","Rebase hiçbir zaman kullanılmaz"
"b5e5336f-3f58-4cd7-922f-e94db7df9457","8461c9d0-fef9-4386-979c-c0e2f98527c4","tr","Değişiklikleri ana kod hattına birleştirmeden önce kod incelemesi ve tartışma için"
"46defb5a-e6d7-4d63-80be-4ad6a054e3ee","9fe1c77a-c864-4340-9557-8b86a0c0c0ee","tr","Kodu silmek için"
"97e5e986-7ea7-4cb8-aeae-cc159f221790","7fd2c826-5844-4847-85b4-a0d082f7583a","tr","Hiçbir amacı yoktur"
"83c2d71a-ccd9-400f-a643-594f69936ba5","687266d8-a6d8-4155-9c7f-45bfb6b8219a","tr","Yalnızca test için"
"fba63403-0a75-4764-992f-55500ebebc84","aaf9a87c-13ff-4588-9ffd-a3e96bc1ba60","tr","Git'in izlememesi gereken dosyaları (örn. build çıktıları) belirlemek için"
"64b58a17-409e-49cf-9f7e-c6b76028ba8e","5046dd2c-4526-4f4e-8ca1-270b60743554","tr","Dosyaları silmek için"
"ec48dbc8-f369-4385-bb11-805542800b6a","4496868d-80ce-474f-b961-fc2743ecc669","tr","Hiçbir amacı yoktur"
"e9a0df07-7d49-4ed2-8449-b415e4a9e2b2","41751e65-a824-47c6-a439-849dad4c3591","tr","Yalnızca test için"
"b9dd4cd2-ed9b-47a2-8b22-d813cc07e967","5db56bde-5995-4b30-ae6c-3febdec3bbf6","tr","Geçerli değişiklikleri geçici olarak saklayarak çalışma dizinini temiz duruma getirir"
"520ae0da-f7e7-428a-b058-ca894ad640a9","5170965e-75bd-451f-aff9-6c9232576360","tr","Değişiklikleri siler"
"c7784ca4-a5a0-40d6-988e-e4291e174953","03c0bc10-aed2-4415-8798-29e70faa87ed","tr","Yeni branch oluşturur"
"60b91011-8a92-4eb4-96a3-64a2adff0b13","f195bc84-a42e-4467-9563-ddcaee7b2c21","tr","Hiçbir şey yapmaz"
"b42d4633-62d5-42da-8c97-fd889607f786","dc66050f-80b7-4bcb-9153-da2ab0f54bf4","tr","Geçerli branch'teki son commit'i (geçerli konumu)"
"d1f3f995-37c9-4300-a6c4-0b4757bf99f2","d3bb815b-25ec-4aee-8210-8d342ba89500","tr","En eski commit'i"
"af1355aa-a950-41ec-9e99-1d84bed72af7","5b1719c4-5eef-4a0c-b982-74213a9022a5","tr","Remote repository'yi"
"c4ab8616-9958-4ecb-a3b4-a13929d76adc","6706615d-9fb1-4cae-80e7-cb25f81974a8","tr","Hiçbir anlamı yoktur"
"a4dfc55d-71a5-4a8f-94d7-f642a568b97a","532adf92-2d26-49ad-bd52-8b0740f09b75","tr","Başka bir branch'ten belirli bir commit'i geçerli branch'e uygular"
"224da76a-ef19-4945-941a-aa641002eea9","a72455ed-c539-4338-9cfe-406656ef4592","tr","Tüm branch'i birleştirir"
"c8b3bb8a-7da8-47bb-9030-7201dccd7d0a","6a0d1c44-5357-4c23-afc2-6e24669bc07a","tr","Hiçbir işi yoktur"
"ff000fdb-0af2-45f4-aab5-72185145e1c6","43062278-3f34-4bde-911a-f607fbf8c0bd","tr","Yalnızca test içindir"
"898dd794-a50f-4c5f-92da-6efb87f16f12","8702996d-2c2a-4f6c-9c94-9f2d4c1ab676","tr","Değişikliklerin türünü (feat, fix, docs) açıkça göstererek geçmişi okunabilir ve otomatikleştirilebilir kılar"
"357c5a55-f7bb-4e04-a8c3-c1deeb68ab4e","03219efd-c039-453e-adc3-7e5f98319a10","tr","Hiçbir faydası yoktur"
"e8675d90-4139-4cf8-9cf7-6126fc643d9b","3fa43aea-60ac-4349-8fad-49e611a793bb","tr","Yalnızca stil meselesidir"
"c7916297-37c5-4351-a943-e4f59ff21a7d","ceb8d73f-a091-4bda-8c66-c4443a7a0be7","tr","Performansı artırır"
"cb1a4140-2e69-493b-af31-066565564243","d84eb21d-32df-48fa-a13d-e888456855bb","tr","Hedef branch'in, kaynak branch'in doğrudan devamı olduğu için ek bir merge commit'i oluşturmadan ilerlemesi"
"a563ef02-f17c-4e9d-b498-bec058c1c92e","bd6e0e87-8c8d-41ca-a5ec-00b5b24bc0bd","tr","Çakışmalı birleştirme"
"35655522-fbec-4b7f-88b3-0a7c5bf488b9","e48810f7-7b92-4aaa-b411-4a99fb57d91a","tr","Hiçbir anlamı yoktur"
"f5d4ae0d-ffc9-464d-810e-fb4b473a903a","37c9b703-d9c3-4cbb-b17d-141809356e39","tr","Yalnızca rebase'e aittir"
"a3a5ee62-6247-4951-b6aa-1931cc4e27bd","09fb869d-30f9-4337-9a97-e9fbf628ca64","tr","HEAD'in bir branch'e değil, doğrudan belirli bir commit'e işaret etmesi"
"25716936-4102-4673-ac39-f77f1a4f9d55","f645506a-7ec7-4b48-b2b6-0ce9c5b5d4e6","tr","Repository'nin silinmesi"
"fed697b8-b8a6-4fea-816b-5c2ea1eb4b71","f2143d32-395a-41b6-9d22-247b51a29c05","tr","Hiçbir anlamı yoktur"
"23b39059-e9e1-4ca8-9032-bb5bf6cc2f89","af9d1c6f-675c-453c-88cf-01f05f609f8a","tr","Yalnızca yeni repository'de olur"
"90037b10-475a-4d8c-a090-b3326e641c8e","91a93c2e-74a7-4297-ad19-50a8869015d3","tr","Geliştiricilerin kısa ömürlü branch'lerle sık sık ana (trunk) branch'e entegre olması"
"474a881a-9137-4743-99c3-219ff671960c","3db2869b-5d73-43a8-93cc-fa48c5658ba0","tr","Hiçbir zaman birleştirmemek"
"1246931a-ccf2-4c9b-831e-ac68987df09e","5c8c97d8-6461-4970-a766-c171039a4d90","tr","Yalnızca bir geliştirici içindir"
"77e169f3-f852-4def-8d3a-85bca4e825e8","ac7b8e67-cfc3-4f47-89be-e4d3973e9f5d","tr","Hiçbir anlamı yoktur"
"37838427-9160-442a-a5ac-c6edc5bc8784","3e02314f-37b1-4e56-a001-e5c47e411284","tr","develop, feature, release, hotfix gibi belirli amaçlı branch'ler yapısı"
"dddeb658-e757-49cf-8952-6abe47f447c4","d292f307-e052-4403-ab05-13ae555ac6de","tr","Yalnızca bir branch kullanmayı"
"2c107d34-22ef-4375-b36a-cb461f8def24","ddad0647-e2f2-48b5-8d75-c780fd25584d","tr","Hiçbir yapısı yoktur"
"369d7eb1-61ac-40bf-8628-c3d4bf0803ba","b3c8b7c4-2b20-476b-ba0b-7482ff821f5b","tr","Yalnızca küçük projeler içindir"
"86b2e551-d8e1-4827-85b7-41e1d1490d97","fd85cd32-9d9e-45db-999a-2732a4f29eaf","tr","Dosyanın her satırının hangi commit/yazar tarafından değiştirildiğini göstermek için"
"b797fdfb-62f0-4a70-ab09-e29404ab537c","03404046-7130-4ca4-b6ac-8feab99c82f3","tr","Dosyayı silmek için"
"e5a4b309-574f-487b-b3a3-62cd6f0aa0f0","b1d9a002-fd2f-418b-9887-e3f88f537a22","tr","Hiçbir amacı yoktur"
"4f30cd20-e4c9-4310-afd5-438a2f5c9b2c","3270b41c-dd86-4a1a-8721-51f151c9f0d1","tr","Yalnızca test için"
"cece95cd-f1f5-465a-95fc-11b04b8daced","a379c7ec-efbc-483f-822c-6295c89224e6","tr","reset geçmişi değiştirir (tehlikeli olabilir), revert ise yeni bir commit oluşturarak değişikliği geri alır (güvenli)"
"71b244be-a34f-4973-a617-3299187fa9d0","35282a94-a693-4de4-8f73-def15b29784c","tr","Fark yoktur"
"49d47b5c-c62a-4768-8fc4-085c56dcc5e0","bae7f8f1-84a0-4f7e-8901-8c79b2910b02","tr","revert geçmişi siler"
"eac3eea3-9d5f-4e61-8d17-548b1de48db9","a760da7c-ec79-42a0-b327-039831cc7a04","tr","reset yeni bir commit oluşturur"
"0e96d54c-a9f6-4de9-89de-425c77e57cec","741e5c54-c100-4999-a9a3-471d9478aa9b","tr","İncelemeyi kolaylaştırır ve kaliteli, dikkatli bir review'a imkân verir"
"9c01263b-9498-464b-8dac-fb757a10c39c","c5ee75da-d45e-43d3-8c7d-34d12a805fa9","tr","Hiçbir önemi yoktur"
"5d8b4160-5d76-4d7a-9c1f-45be97953850","cd7771a6-56ba-4502-924a-98f8e22aeb82","tr","Büyük PR'lar her zaman iyidir"
"356bb4bf-5d98-40ab-9373-9d88cf2210b1","275bdcef-eb5b-4ccb-841d-6d08d7438f74","tr","Performansı artırır"
"f56d6772-4904-4569-8594-6a69dbca44e1","c96c4ad3-9530-4eb6-b2ce-3f7e2dc042b6","tr","Belirli bir commit'i (örn. bir sürüm versiyonunu) işaretlemek için"
"326b9727-400e-41b9-af48-8b96fa9a2ccd","2e440f22-9464-42f5-9e85-ea7268c21f04","tr","Branch oluşturmak için"
"da73dfe1-ae2c-4f1f-8403-f909596c7b04","7dc49abc-b97c-4052-b40f-f39237392479","tr","Hiçbir amacı yoktur"
"e4a01998-f324-406c-9e1e-6c26ba604fa4","2f20e551-14c3-423f-a9b4-8a7e39a1dada","tr","Yalnızca test için"
